{
  "project_info": {
    "project_number": "430333182387",
    "firebase_url": "https://easylearning-28983.firebaseio.com",
    "project_id": "easylearning-28983",
    "storage_bucket": "easylearning-28983.appspot.com"
  },
  "client": [
    {
      "client_info": {
        "mobilesdk_app_id": "1:430333182387:android:2ac5d69892cc221c",
        "android_client_info": {
          "package_name": "com.gmmp.easylearn"
        }
      },
      "oauth_client": [
        {
          "client_id": "430333182387-4ggtomjiovk6fdc2650ogtcejjtr36qi.apps.googleusercontent.com",
          "client_type": 1,
          "android_info": {
            "package_name": "com.gmmp.easylearn",
            "certificate_hash": "4413f5e70d30c34be8dc3e772d8eec1492b66bc4"
          }
        },
        {
          "client_id": "430333182387-uu955q7k0himpdf3cjqn162ceg9aoj5f.apps.googleusercontent.com",
          "client_type": 1,
          "android_info": {
            "package_name": "com.gmmp.easylearn",
            "certificate_hash": "78240a37c88b6f5a364223fdc79737404069cf70"
          }
        },
        {
          "client_id": "430333182387-cr24m3quenipj05aa2jq1cqb4lfvt1nh.apps.googleusercontent.com",
          "client_type": 3
        }
      ],
      "api_key": [
        {
          "current_key": "AIzaSyDJ87KOayjvV6G-rogddhsuoIMHnlWyv9c"
        }
      ],
      "services": {
        "appinvite_service": {
          "other_platform_oauth_client": [
            {
              "client_id": "430333182387-cr24m3quenipj05aa2jq1cqb4lfvt1nh.apps.googleusercontent.com",
              "client_type": 3
            }
          ]
        }
      }
    }
  ],
  "configuration_version": "1"
}